country_name,life_expectancy,expected_schooling,mean_schooling,gni_percap_logged,v2x_polyarchy
Iceland,82.691,18,13.90892628,11.1435550934685,0.844
Norway,83.308,18,13.11796218,11.2252433925184,0.884
Switzerland,83.954,16.66753006,13.94912109,11.2252433925184,0.887
Denmark,81.933,18,13.0273206,11.2252433925184,0.916
Germany,81.378,17.30921936,14.29637163,11.0674695986442,0.854
Sweden,83.262,18,12.74032574,11.0989555828305,0.881
Australia,83.923,18,12.86999989,10.9729606629566,0.855
Hong Kong,85,16.89586067,12.35000038,11.1481572452209,0.154
Netherlands,82.158,18,12.66994689,11.1323135652392,0.843
Belgium,82.115,18,12.68965045,11.0600931665474,0.898
Ireland,82.412,18,11.72499956,11.2252433925184,0.895
Finland,81.91,18,12.97962547,10.9519924561552,0.865
Singapore,83.736,16.74227905,11.98999977,11.2252433925184,0.403
United Kingdom,81.302,17.81106949,13.48999977,10.9035969864662,0.847
United Arab Emirates,82.909,15.60159016,12.98999977,11.1724374423631,0.102
Canada,82.63,15.88825989,13.86999989,10.9094072162622,0.848
Liechtenstein,83.63,15.41257954,12.40995938,11.2252433925184,
New Zealand,82.088,18,12.88299807,10.7634111158767,0.878
United States of America,79.304,15.92300034,13.90999985,11.2070798396775,0.843
South Korea,84.329,16.6186409,12.72219869,10.8142923294389,0.733
Slovenia,81.603,17.47717094,12.95120192,10.7442097215901,0.757
Austria,81.956,16.28428078,12.36146506,11.0584677049659,0.846
Japan,84.712,15.51198006,12.68404671,10.7742496001583,0.828
Malta,83.299,15.90985012,12.4207021,10.8619767686378,0.778
Luxembourg,82.229,14.35795021,12.58937195,11.2252433925184,0.874
France,83.325,16.09511948,11.7656677,10.9161816915147,0.876
Israel,82.408,14.93416023,13.53459474,10.7799997403062,0.72
Spain,83.67,17.83031082,10.75612495,10.7365801849367,0.85
Czechia,79.834,16.7935009,12.96318214,10.7339810212134,0.869
Italy,83.716,16.71419907,10.82812827,10.8664496924575,0.816
San Marino,85,14.59976717,11.35999966,11.0776150162833,
Andorra,84.041,14.54279041,11.60999966,11.0764506097139,
Cyprus,81.648,16.21559906,12.5573721,10.7231386587843,0.778
Greece,81.857,18,11.55385642,10.4846061784528,0.74
Poland,78.633,16.67827988,13.20854242,10.6505933695765,0.59
Estonia,79.153,15.96786022,13.56216597,10.6184189848925,0.895
Saudi Arabia,78.732,16.94943047,11.60642778,10.8257387580415,0.015
Bahrain,81.284,15.92718983,11.13000011,10.874622379457,0.124
Lithuania,76.025,16.45467949,13.61069239,10.6434340069961,0.788
Portugal,82.36,17.48682022,9.703254412,10.6228852943807,0.851
Croatia,78.58,16.34815025,12.0951217,10.6305502995319,0.744
Latvia,76.19,16.48265076,13.40943983,10.5452841299611,0.847
Qatar,82.368,13.14116001,10.77000046,11.2252433925184,0.086
Slovakia,78.341,14.94684982,13.10320397,10.5130625826356,0.817
Chile,81.167,16.91242027,11.29105394,10.2416430074645,0.837
Hungary,77.024,15.46940041,12.33162229,10.525033318209,0.437
Argentina,77.395,18,11.18458184,10.161073228097,0.838
Montenegro,77.087,15.53652954,12.77392572,10.2408997187137,0.587
Uruguay,78.138,17.4839592,10.53999996,10.2629025088601,0.834
Oman,80.031,13.43931961,11.89000034,10.4939384770889,0.17
Türkiye,77.156,18,8.98624366,10.4489169202331,0.285
Kuwait,80.405,15.90424029,7.566007112,10.9439770858894,0.316
Antigua and Barbuda,77.598,15.50299899,11.64750004,10.2178061249313,
Seychelles,72.862,18,11.19995,10.2817540395693,0.738
Bulgaria,75.636,15.3166399,11.45453092,10.3789428577922,0.67
Romania,75.938,14.05288029,11.55000019,10.5808674228055,0.674
Georgia,74.496,16.75470924,12.69999981,9.94042537774789,0.583
Saint Kitts and Nevis,72.145,18,10.8494008,10.2786802889693,
Panama,79.594,13.3116098,10.83375095,10.4453631418379,0.725
Brunei Darussalam,75.327,13.69861984,9.282,11.2252433925184,
Kazakhstan,74.402,14.0086174,12.54717423,10.3413723646592,0.271
Costa Rica,80.799,16.34963687,8.844752499,10.0612266356221,0.859
Serbia,76.769,15.04216003,11.64171812,10.0482287962845,0.36
Russia,73.154,13.18515015,12.40999985,10.5769850256521,0.19
Belarus,74.434,13.71881008,12.33537298,10.1933499089405,0.157
Bahamas,74.552,11.89137971,12.81441904,10.3409253994224,
Malaysia,76.657,12.67639256,11.09000015,10.3906276071832,0.507
North Macedonia,77.395,14.78143978,10.22999954,10.0046168868077,0.568
Armenia,75.683,14.3838501,11.34497821,9.91446325800807,0.635
Barbados,76.178,16.6280018,9.92835689,9.76005129515055,0.792
Albania,79.602,14.51014996,10.17531099,9.77720945051287,0.507
Trinidad and Tobago,73.49,14.23764336,10.79275036,10.2035975194165,0.755
Mauritius,74.926,14.16282114,10.10332754,10.2139076497129,0.47
Bosnia and Herzegovina,77.85,13.16394043,10.97000027,9.89482442981499,0.504
Iran,77.654,13.96833061,10.84671198,9.68631188852948,0.154
Saint Vincent and the Grenadines,71.23,16.2530213,11.29534968,9.75537239416736,
Thailand,76.412,15.35883492,9.039999962,9.93158420674838,0.289
China,77.953,15.4787495,8.036181597,10.0001251477528,0.074
Peru,77.74,14.90939376,10.15465159,9.57071813590764,0.712
Grenada,75.205,16.57728919,9.446399307,9.57143748648964,
Azerbaijan,74.429,12.90977955,11.06999969,9.93633982292536,0.187
Mexico,75.069,14.46811008,9.349510934,9.99024561519439,0.549
Colombia,77.725,14.28641033,9.031581597,9.83445626977576,0.709
Brazil,75.848,15.7927103,8.425371752,9.79875381041473,0.789
Palau,69.269,14.06742382,13.29903477,9.68249857595788,
Moldova,71.198,14.63856847,11.82999992,9.67196789878948,0.709
Ukraine,73.422,13.32800961,11.12273899,9.73702819503315,0.387
Ecuador,77.392,14.85167027,8.970000267,9.54584049195937,0.639
Dominican Republic,73.72,13.61692047,9.444525756,9.99986582490827,0.683
Guyana,70.18,13.02205765,8.702429672,10.7570355201757,0.491
Sri Lanka,77.483,13.12815666,10.77000046,9.44268945803991,0.574
Tonga,72.895,17.78693018,10.91494895,8.9143855198511,
Maldives,81.041,12.76840687,7.410372866,9.86875732070332,0.591
Vietnam,74.588,15.45771503,8.979999542,9.47521190062825,0.148
Turkmenistan,70.073,13.24057961,11.20780193,9.78219985164621,0.149
Algeria,76.261,15.4951601,7.416386987,9.62338810915246,0.265
Cuba,78.085,13.87884045,10.63148903,9.03782003091829,0.175
Dominica,71.132,14.15099967,10.12508965,9.68041434312287,
Paraguay,73.844,13.98706964,8.930653385,9.63248035570149,0.575
Egypt,71.633,13.12716193,10.13611962,9.69388535250268,0.188
Jordan,77.814,13.1090498,10.23999977,9.12933337163855,0.251
Lebanon,77.817,11.68299961,10.36999989,9.33245952551523,0.362
Saint Lucia,72.697,12.73040962,8.614167055,9.94749400392718,
Mongolia,71.734,13.6376543,9.420000076,9.60150926579146,0.533
Tunisia,76.508,14.67349856,7.594920158,9.39361046626618,0.461
South Africa,66.139,13.79325008,11.60999966,9.52471222573879,0.705
Uzbekistan,72.388,12.46086979,11.90999985,9.08542669910859,0.214
Bolivia,68.581,15.61065006,10.02122319,9.15326670527451,0.584
Gabon,68.337,12.48275889,9.686,9.84448363438845,0.329
Marshall Islands,66.945,16.38606071,11.6366644,8.88514483009951,
Botswana,69.163,11.42568016,10.478,9.7400135217802,0.556
Fiji,67.316,13.84869,10.37096977,9.46056656645653,0.511
Indonesia,71.146,13.33577728,8.6972232,9.52516059279317,0.538
Suriname,73.631,10.95909977,8.429759582,9.76102421199332,0.768
Belize,73.566,11.98379993,8.762290001,9.42085071043766,
Libya,69.339,12.92465677,7.77860643,9.895023450877,0.196
Jamaica,71.479,12.3833955,9.959910393,9.21602272776926,0.803
Kyrgyzstan,71.677,12.71388245,12.06588858,8.71245031994968,0.35
Philippines,69.833,12.81904666,9.977239609,9.28091105859126,0.434
Morocco,75.313,15.07499027,6.198,9.06564759176123,0.262
Venezuela,72.514,12.96537654,9.678385373,8.87585735554395,0.207
Samoa,71.698,12.4364,11.33298361,8.69148542009087,
Nicaragua,74.947,11.51021957,9.933019638,8.8365889672531,0.159
Nauru,62.109,12.84263763,9.448637676,9.88544463873557,
Bhutan,72.975,13.15274184,5.835794662,9.53552077585423,0.54
Eswatini,64.123,15.24604391,8.685199738,9.20221598130914,0.122
Iraq,72.324,12.35940135,6.780046287,9.44569108696564,0.356
Tajikistan,71.79,10.84980801,11.27094825,8.656358254651,0.166
Tuvalu,67.105,12.37506862,10.76746107,8.85445380019044,
Bangladesh,74.672,12.31016827,6.789999962,9.04754595029863,0.253
India,72.003,12.95454025,6.880000114,9.11016155653603,0.373
El Salvador,72.099,11.11291027,7.300000191,9.26812255884039,0.38
Equatorial Guinea,63.707,12.49119511,8.281327014,9.45426399038367,0.184
"Palestine, State of",65.17,12.99800968,10.13000011,8.78677727400654,
Cabo Verde,76.059,11.36709717,6.09003905,9.0076584430281,
Namibia,67.385,11.78505588,7.273146745,9.2980406442896,0.627
Guatemala,72.602,10.67763042,5.847300053,9.43016674754139,0.505
Republic of the Congo,65.772,12.68194711,8.322644792,8.68314805255453,0.253
Honduras,72.884,10.16220647,7.510229074,8.71025450055652,0.538
Kiribati,66.473,11.87390648,9.128581569,8.50659329569348,
Sao Tome and Principe,69.718,12.8567099,5.987559175,8.62755736815667,0.673
Timor-Leste,67.689,13.25306303,6.226580551,8.6005402230855,0.712
Ghana,65.498,11.41845989,7.107210159,8.83147126445099,0.664
Kenya,63.646,11.47407573,8.624710083,8.63200222083017,0.566
Nepal,70.354,13.75430393,4.50372982,8.460819775667,0.692
Vanuatu,71.477,11.81160992,7.183209727,8.13261547291917,0.815
Laos,68.964,9.605483055,6.06024616,9.00037870881075,0.132
Angola,64.617,12.1676,5.956173009,8.7995526052195,0.33
Micronesia (Federated States of),67.198,11.54008512,7.33252398,8.35370396615728,
Burma/Myanmar,66.889,11.50456047,6.380000114,8.5008220276172,0.08
Cambodia,70.668,11.19789219,5.197100163,8.50330050175267,0.19
Comoros,66.777,13.29446063,6.006840229,8.15510977372978,0.272
Zimbabwe,62.775,11.05745312,8.930847216,8.16378809996397,0.291
Zambia,66.349,11.02052892,7.397408543,8.14516551538691,0.527
Cameroon,63.7,10.79187965,6.574180412,8.46511344469821,0.29
Solomon Islands,70.528,11.31304207,5.8796802,7.9292225392295,0.629
Côte d'Ivoire,61.944,11.41112995,4.869999886,8.81513489317062,
Uganda,68.252,11.56404819,6.323663082,7.91440212899094,0.275
Rwanda,67.785,12.59045029,4.880000114,7.99650558476428,0.213
Papua New Guinea,66.134,11.51107187,4.962531078,8.28668451075149,0.467
Togo,62.739,13.09642387,5.861114619,7.95716465811316,0.394
Syria,72.12,7.418754527,5.935520062,8.27326063466984,0.146
Mauritania,68.484,7.949540636,4.852025862,8.7431281723431,0.366
Nigeria,54.462,10.51407,7.585969925,8.62503811387815,0.49
Tanzania,66.995,8.585740089,6.065350056,8.16469034957193,0.419
Haiti,64.936,10.89635878,5.3822999,7.98443745153378,0.211
Lesotho,57.375,10.98659352,7.729883486,8.0161151386751,0.675
Pakistan,67.649,7.89510849,4.316987038,8.61270933764439,0.335
Senegal,68.683,9.142709732,2.934554012,8.34332319432442,0.626
The Gambia,65.86,8.977899686,4.674727154,7.94165751251267,0.64
Democratic Republic of the Congo,61.895,10.91147386,7.378561086,7.26616227375442,0.336
Malawi,67.353,9.902591705,5.243740082,7.39859813960846,0.576
Benin,60.774,10.4464798,3.194200039,8.24420989826861,0.493
Guinea-Bissau,64.085,10.63534621,3.673035,7.78449788670188,0.43
Djibouti,65.987,6.207350016,3.95041503,8.75897885783395,0.25
Sudan,66.331,8.620371878,3.962,7.94105079246265,0.133
Liberia,62.163,10.46585369,6.169891955,7.33814672195899,0.623
Eritrea,68.624,7.336672297,5.09136442,7.61533286954016,0.069
Guinea,60.74,10.39330626,2.486339025,8.15890200577656,0.171
Ethiopia,67.315,9.217651571,2.402539813,7.93576875876442,0.282
Afghanistan,66.035,10.79014324,2.514790058,7.5865750394854,0.073
Mozambique,63.611,10.84830885,4.590489864,7.21212268088434,0.355
Madagascar,63.632,9.062584503,4.592520237,7.41201822521041,0.479
Yemen,69.295,7.494902735,5.484149933,6.92579221110076,0.128
Sierra Leone,61.786,9.064124575,3.535297609,7.44642626040583,0.493
Burkina Faso,61.092,8.733340263,2.266550064,7.77926944816179,0.211
Burundi,63.651,9.829423879,3.473935556,6.75567062623371,0.187
Mali,60.439,7.011331533,1.629999995,7.75858466105664,0.231
Niger,61.183,8.308919801,1.412289341,7.37160750206405,0.387
Chad,55.069,8.347590231,2.334984892,7.46622812372104,0.147
Central African Republic,57.408,7.435767778,3.989431459,7.00293879712885,0.305
Somalia,58.816,7.486165162,1.899999976,7.29623593711939,0.17
South Sudan,57.617,5.634770141,5.730000019,6.53429347380998,0.159
